{
  "trained_at": "2026-02-13T19:39:21.387563",
  "data_file": "/Users/macuser/Documents/something/stavki_v2/data/features_full.csv",
  "n_features": 155,
  "n_train": 16519,
  "n_val": 2360,
  "n_test": 4720,
  "results": {
    "Poisson": {
      "accuracy": 0.4703389830508475,
      "log_loss": 1.044592532951203
    },
    "CatBoost": {
      "accuracy": 0.5923728813559322,
      "log_loss": 0.8975025625715524
    },
    "LightGBM": {
      "accuracy": 0.5491525423728814,
      "log_loss": 0.9244108069421793
    },
    "Ensemble": {
      "accuracy": 0.5908898305084745,
      "log_loss": 0.8651911973723817
    }
  }
}